{"M_f": 0.9516192579333816, "chi_f": [2.0896509736110455e-11, -1.8064595287620347e-11, 0.686441921316848]}